IID	age	bmi	smoker
per3	72	27.8	no
per4	76	25.6	no
per5	53	26.4	no
per6	69	25.7	no
per7	53	31.0	yes
per8	60	34.2	no
per9	71	25.7	no
per10	53	28.8	no
per11	44	26.3	yes
per13	63	30.4	yes
per15	60	31.2	no
per16	67	31.8	yes
per17	51	30.2	no
per18	42	28.3	no
per19	70	31.7	yes
per20	77	25.5	yes
per21	55	33.6	no
per22	41	31.8	yes
per23	61	29.0	no
per24	55	22.4	yes
per25	73	32.0	no
per26	54	22.3	no
per27	77	32.7	no
per28	48	34.0	yes
per29	73	32.3	no
per30	64	32.7	no
per31	57	26.1	no
per32	62	26.2	no
per33	48	23.3	no
per34	54	33.6	no
per35	70	27.6	yes
per36	57	23.5	no
per37	42	24.0	yes
per38	44	28.5	no
per39	78	22.5	no
per40	63	33.3	no
per41	44	23.8	no
per42	46	20.7	no
per43	62	34.4	no
per44	47	26.8	yes
per45	68	26.2	no
per46	79	30.5	no
per47	74	31.5	no
per48	66	26.5	yes
per49	67	29.1	yes
per50	66	20.2	no
per51	79	29.7	yes
per52	44	26.9	no
per53	74	24.9	no
per54	40	20.5	no
per55	72	24.6	no
per56	69	28.9	yes
per57	48	26.8	yes
per58	58	20.8	yes
per59	68	23.8	no
per60	68	20.5	no
per61	54	24.2	no
per62	52	23.8	yes
per63	62	29.3	no
per64	48	31.9	no
per65	49	20.2	yes
per66	42	25.0	yes
per67	63	31.5	no
per68	72	23.0	no
per69	59	25.0	no
per70	63	32.4	no
per71	57	27.4	no
per72	51	22.6	yes
per73	47	25.2	yes
per74	67	25.9	yes
per75	46	28.6	no
per76	70	27.0	yes
per77	72	30.0	yes
per78	59	34.4	no
per79	58	34.7	no
per80	45	30.3	yes
per81	41	27.7	no
per82	76	28.7	no
per83	46	28.4	yes
per84	41	22.1	yes
per85	72	23.4	yes
per86	47	31.3	yes
per87	69	32.9	no
per88	61	29.7	yes
per89	46	31.7	no
per90	54	24.4	yes
per91	74	22.3	no
per92	51	29.4	no
per93	73	34.1	no
per94	67	30.0	no
per95	61	20.6	no
per96	67	27.6	no
per97	51	34.6	no
per98	50	20.7	yes
per99	47	29.3	yes
per100	49	31.0	no
per101	66	20.2	yes
per102	67	31.9	no
per103	73	21.2	yes
per104	63	34.3	no
per105	76	24.4	no
per106	53	30.7	no
per107	53	25.0	yes
per108	42	29.4	no
per109	65	31.9	yes
per110	63	33.2	no
per111	78	32.2	no
per112	70	24.8	no
per113	64	34.6	no
per114	67	22.8	no
per116	60	29.0	no
per117	50	24.7	no
per118	56	21.3	no
per119	64	21.2	yes
per120	41	32.0	yes
per121	49	33.1	no
per122	69	33.7	no
per123	55	33.8	no
per124	60	20.4	yes
per125	53	31.9	no
per126	75	27.7	yes
per127	63	24.2	no
per128	43	21.6	no
per129	79	34.1	no
per130	73	26.2	no
per131	53	21.4	yes
per132	44	22.5	no
per133	78	27.5	yes
per134	40	23.7	no
per135	60	23.8	yes
per136	54	23.1	no
per137	45	26.5	yes
per138	73	30.6	yes
per139	72	25.6	yes
per140	61	30.1	no
per141	46	29.0	no
per142	73	30.2	no
per143	77	20.5	no
per144	49	33.3	no
per145	52	30.5	no
per146	56	29.3	no
per147	79	25.6	yes
per148	41	27.9	yes
per149	45	25.7	no
per150	42	23.1	no
per152	52	24.5	no
per153	77	33.2	no
per154	50	30.3	yes
per155	41	23.9	no
per156	56	26.3	no
per157	58	30.1	yes
per158	43	20.6	no
per159	55	33.6	no
per160	48	20.4	no
per161	76	26.7	no
per162	45	32.7	yes
per163	44	34.0	no
per164	53	20.4	no
per165	68	27.6	no
per166	61	28.2	yes
per167	58	29.3	no
per168	65	28.6	no
per169	40	29.1	no
per170	58	31.6	no
per171	68	33.4	yes
per172	76	27.8	no
per173	40	27.5	no
per174	41	27.5	no
per175	44	22.4	yes
per176	69	34.6	no
per177	63	20.5	no
per178	72	23.4	no
per179	44	30.1	no
per180	47	26.3	no
per181	76	21.2	no
per182	63	24.4	no
per183	58	29.4	no
per184	64	31.7	no
per185	72	32.5	yes
per186	42	32.4	yes
per187	60	30.5	yes
per188	44	33.3	no
per189	78	30.5	yes
per190	79	27.2	yes
per191	44	30.4	no
per192	58	28.3	no
per193	55	21.8	no
per194	77	20.6	no
per195	69	32.8	yes
per196	69	20.9	no
per197	70	33.6	yes
per198	55	27.2	yes
per199	46	32.2	yes
NOT_A_REAL_SAMPLE_1	55	24.0	no
NOT_A_REAL_SAMPLE_2	61	28.5	yes
